,date,close,high,low,open,volume
0,25/07/2016,97.34,98.84,96.92,98.25,40382921
1,26/07/2016,96.67,97.97,96.42,96.82,56239822
2,27/07/2016,102.95,104.35,102.75,104.265,92344820
3,28/07/2016,104.34,104.45,102.82,102.83,39869839
4,29/07/2016,104.21,104.55,103.68,104.19,27733688
5,01/08/2016,106.05,106.15,104.41,104.41,38167871
6,02/08/2016,104.48,106.07,104,106.05,33816556
7,03/08/2016,105.79,105.84,104.77,104.81,30202641
8,04/08/2016,105.87,106,105.28,105.58,27408650
9,05/08/2016,107.48,107.65,106.18,106.27,40553402
10,08/08/2016,108.37,108.37,107.16,107.52,28037220
11,09/08/2016,108.81,108.94,108.01,108.23,26315204
12,10/08/2016,108,108.9,107.76,108.71,24008505
13,11/08/2016,107.93,108.93,107.85,108.52,27484506
14,12/08/2016,108.18,108.44,107.78,107.78,18660434
15,15/08/2016,109.48,109.54,108.08,108.14,25868209
16,16/08/2016,109.38,110.23,109.21,109.63,33794448
17,17/08/2016,109.22,109.37,108.34,109.1,25355976
18,18/08/2016,109.08,109.6,109.02,109.23,21984703
19,19/08/2016,109.36,109.69,108.36,108.77,25368072
20,22/08/2016,108.51,109.1,107.85,108.86,25820230
21,23/08/2016,108.85,109.32,108.53,108.59,21257669
22,24/08/2016,108.03,108.75,107.68,108.565,23675081
23,25/08/2016,107.57,107.88,106.68,107.39,25086248
24,26/08/2016,106.94,107.95,106.31,107.41,27766291
25,29/08/2016,106.82,107.44,106.29,106.62,24970300
26,30/08/2016,106,106.5,105.5,105.8,24863945
27,31/08/2016,106.1,106.5699,105.64,105.66,29662406
28,01/09/2016,106.73,106.8,105.62,106.14,26701523
29,02/09/2016,107.73,108,106.82,107.7,26802450
30,06/09/2016,107.7,108.3,107.51,107.9,26880391
31,07/09/2016,108.36,108.76,107.07,107.83,42364328
32,08/09/2016,105.52,107.27,105.24,107.25,53002026
33,09/09/2016,103.13,105.72,103.13,104.64,46556984
34,12/09/2016,105.44,105.72,102.53,102.65,45292770
35,13/09/2016,107.95,108.79,107.24,107.51,62176190
36,14/09/2016,111.77,113.03,108.6,108.73,112340318
37,15/09/2016,115.57,115.73,113.49,113.86,90613177
38,16/09/2016,114.92,116.13,114.04,115.12,79886911
39,19/09/2016,113.58,116.18,113.25,115.19,47023046
40,20/09/2016,113.57,114.12,112.51,113.05,34514269
41,21/09/2016,113.55,113.989,112.441,113.85,36003185
42,22/09/2016,114.62,114.94,114,114.35,31073984
43,23/09/2016,112.71,114.79,111.55,114.42,52481151
44,26/09/2016,112.88,113.39,111.55,111.64,29869442
45,27/09/2016,113.09,113.18,112.34,113,24607412
46,28/09/2016,113.95,114.64,113.43,113.69,29641085
47,29/09/2016,112.18,113.8,111.8,113.16,35886990
48,30/09/2016,113.05,113.37,111.8,112.46,36379106
49,03/10/2016,112.52,113.05,112.28,112.71,21701760
50,04/10/2016,113,114.31,112.63,113.06,29736835
51,05/10/2016,113.05,113.66,112.69,113.4,21453089
52,06/10/2016,113.89,114.34,113.13,113.7,28779313
53,07/10/2016,114.06,114.56,113.51,114.31,24358443
54,10/10/2016,116.05,116.75,114.72,115.02,36235956
55,11/10/2016,116.3,118.69,116.2,117.7,64041043
56,12/10/2016,117.34,117.98,116.75,117.35,37586787
57,13/10/2016,116.98,117.44,115.72,116.79,35192406
58,14/10/2016,117.63,118.17,117.13,117.88,35652191
59,17/10/2016,117.55,117.84,116.78,117.33,23624896
60,18/10/2016,117.47,118.21,117.45,118.18,24553478
61,19/10/2016,117.12,117.76,113.8,117.25,20034594
62,20/10/2016,117.06,117.38,116.33,116.86,24125801
63,21/10/2016,116.6,116.91,116.28,116.81,23192665
64,24/10/2016,117.65,117.74,117,117.1,23538673
65,25/10/2016,118.25,118.36,117.31,117.95,48128970
66,26/10/2016,115.59,115.7,113.31,114.31,66134219
67,27/10/2016,114.48,115.86,114.1,115.39,34562045
68,28/10/2016,113.72,115.21,113.45,113.87,37861662
69,31/10/2016,113.54,114.23,113.2,113.65,26419398
70,01/11/2016,111.49,113.77,110.53,113.46,43825812
71,02/11/2016,111.59,112.35,111.23,111.4,28331709
72,03/11/2016,109.83,111.46,109.55,110.98,26932602
73,04/11/2016,108.84,110.25,108.11,108.53,30836997
74,07/11/2016,110.41,110.51,109.46,110.08,32560000
75,08/11/2016,111.06,111.72,109.7,110.31,24254179
76,09/11/2016,110.88,111.32,108.05,109.88,59176361
77,10/11/2016,107.79,111.09,105.83,111.09,57134541
78,11/11/2016,108.43,108.87,106.55,106.92,34143898
79,14/11/2016,105.71,107.809,104.08,107.32,51175504
80,15/11/2016,107.11,107.68,106.1593,106.57,32264510
81,16/11/2016,109.99,110.23,106.6,106.7,58840522
82,17/11/2016,109.95,110.35,108.83,109.81,27632003
83,18/11/2016,110.06,110.54,109.66,109.72,28428917
84,21/11/2016,111.73,111.99,110.01,110.12,29264571
85,22/11/2016,111.8,112.42,111.4,111.95,25965534
86,23/11/2016,111.23,111.51,110.33,111.36,27426394
87,25/11/2016,111.79,111.87,110.95,111.13,11475922
88,28/11/2016,111.57,112.465,111.39,111.43,27193983
89,29/11/2016,111.46,112.03,110.07,110.78,28528750
90,30/11/2016,110.52,112.2,110.27,111.56,36162258
91,01/12/2016,109.49,110.94,109.03,110.365,37086862
92,02/12/2016,109.9,110.09,108.85,109.17,26527997
93,05/12/2016,109.11,110.03,108.25,110,34324540
94,06/12/2016,109.95,110.36,109.19,109.5,26195462
95,07/12/2016,111.03,111.19,109.16,109.26,29998719
96,08/12/2016,112.12,112.43,110.6,110.86,27068316
97,09/12/2016,113.95,114.7,112.31,112.31,34402627
98,12/12/2016,113.3,115,112.49,113.29,26374377
99,13/12/2016,115.19,115.92,113.75,113.84,43733811
100,14/12/2016,115.19,116.2,114.98,115.04,34031834
101,15/12/2016,115.82,116.73,115.23,115.38,46524544
102,16/12/2016,115.97,116.5,115.645,116.47,44351134
103,19/12/2016,116.64,117.38,115.75,115.8,27779423
104,20/12/2016,116.95,117.5,116.68,116.74,21424965
105,21/12/2016,117.06,117.4,116.78,116.8,23783165
106,22/12/2016,116.29,116.51,115.64,116.35,26085854
107,23/12/2016,116.52,116.52,115.59,115.59,14249484
108,27/12/2016,117.26,117.8,116.49,116.52,18296855
109,28/12/2016,116.76,118.0166,116.2,117.52,20905892
110,29/12/2016,116.73,117.1095,116.4,116.45,15039519
111,30/12/2016,115.82,117.2,115.43,116.65,30586265
112,03/01/2017,116.15,116.33,114.76,115.8,28781865
113,04/01/2017,116.02,116.51,115.75,115.85,21118116
114,05/01/2017,116.61,116.8642,115.81,115.92,22193587
115,06/01/2017,117.91,118.16,116.47,116.78,31751900
116,09/01/2017,118.99,119.43,117.94,117.95,33561948
117,10/01/2017,119.11,119.38,118.3,118.77,24462051
118,11/01/2017,119.75,119.93,118.6,118.74,27588593
119,12/01/2017,119.25,119.3,118.21,118.895,27086220
120,13/01/2017,119.04,119.62,118.81,119.11,26111948
121,17/01/2017,120,120.24,118.22,118.34,34439843
122,18/01/2017,119.99,120.5,119.71,120,23712961
123,19/01/2017,119.78,120.09,119.37,119.4,25597291
124,20/01/2017,120,120.45,119.7346,120.45,32597892
125,23/01/2017,120.08,120.81,119.77,120,22050218
126,24/01/2017,119.97,120.1,119.5,119.55,23211038
127,25/01/2017,121.88,122.1,120.28,120.42,32586673
128,26/01/2017,121.94,122.44,121.6,121.67,26337576
129,27/01/2017,121.95,122.35,121.6,122.14,20562944
130,30/01/2017,121.63,121.63,120.66,120.93,30377503
131,31/01/2017,121.35,121.39,120.62,121.15,49200993
132,01/02/2017,128.75,130.49,127.01,127.03,111985040
133,02/02/2017,128.53,129.39,127.78,127.975,33710411
134,03/02/2017,129.08,129.19,128.16,128.31,24507301
135,06/02/2017,130.29,130.5,128.9,129.13,26845924
136,07/02/2017,131.53,132.09,130.45,130.54,38183841
137,08/02/2017,132.04,132.22,131.22,131.35,23004072
138,09/02/2017,132.42,132.445,131.12,131.65,28349859
139,10/02/2017,132.12,132.94,132.05,132.46,20065458
140,13/02/2017,133.29,133.82,132.75,133.08,23035421
141,14/02/2017,135.02,135.09,133.25,133.47,33226223
142,15/02/2017,135.51,136.27,134.62,135.52,35623100
143,16/02/2017,135.345,135.9,134.8398,135.67,22584555
144,17/02/2017,135.72,135.83,135.1,135.1,22198197
145,21/02/2017,136.7,136.75,135.98,136.23,24507156
146,22/02/2017,137.11,137.12,136.11,136.43,20836932
147,23/02/2017,136.53,137.48,136.3,137.38,20788186
148,24/02/2017,136.66,136.66,135.28,135.91,21776585
149,27/02/2017,136.93,137.435,136.28,137.14,20257426
150,28/02/2017,136.99,137.435,136.7,137.08,23482860
151,01/03/2017,139.79,140.15,137.595,137.89,36414585
152,02/03/2017,138.96,140.2786,138.76,140,26210984
153,03/03/2017,139.78,139.83,138.59,138.78,21571121
154,06/03/2017,139.34,139.77,138.5959,139.365,21750044
155,07/03/2017,139.52,139.98,138.79,139.06,17446297
156,08/03/2017,139,139.8,138.82,138.95,18707236
157,09/03/2017,138.68,138.79,137.05,138.74,22155904
158,10/03/2017,139.14,139.3571,138.64,139.25,19612801
159,13/03/2017,139.2,139.43,138.82,138.85,17421717
160,14/03/2017,138.99,139.65,138.84,139.3,15309065
161,15/03/2017,140.46,140.7501,139.025,139.41,25691774
162,16/03/2017,140.69,141.02,140.26,140.72,19231998
163,17/03/2017,139.99,141,139.89,141,43884952
164,20/03/2017,141.46,141.5,140.23,140.4,21542038
165,21/03/2017,139.84,142.8,139.73,142.11,39529912
166,22/03/2017,141.42,141.6,139.76,139.845,25860165
167,23/03/2017,140.92,141.5844,140.61,141.26,20346301
168,24/03/2017,140.64,141.74,140.35,141.5,22395563
169,27/03/2017,140.88,141.22,138.62,139.39,23575094
170,28/03/2017,143.8,144.04,140.62,140.91,33374805
171,29/03/2017,144.12,144.49,143.19,143.68,29189955
172,30/03/2017,143.93,144.5,143.5,144.19,21207252
173,31/03/2017,143.66,144.27,143.01,143.72,19661651
174,03/04/2017,143.7,144.12,143.05,143.71,19985714
175,04/04/2017,144.77,144.89,143.17,143.25,19891354
176,05/04/2017,144.02,145.46,143.81,144.22,27717854
177,06/04/2017,143.66,144.52,143.45,144.29,21149034
178,07/04/2017,143.34,144.18,143.27,143.73,16658543
179,10/04/2017,143.17,143.8792,142.9,143.6,18933397
180,11/04/2017,141.63,143.35,140.06,142.94,30379376
181,12/04/2017,141.8,142.15,141.01,141.6,20350000
182,13/04/2017,141.05,142.38,141.05,141.91,17822880
183,17/04/2017,141.83,141.88,140.87,141.48,16582094
184,18/04/2017,141.2,142.04,141.11,141.41,14697544
185,19/04/2017,140.68,142,140.45,141.88,17328375
186,20/04/2017,142.44,142.92,141.16,141.22,23319562
187,21/04/2017,142.27,142.68,141.85,142.44,17320928
188,24/04/2017,143.64,143.95,143.18,143.5,17116599
189,25/04/2017,144.53,144.9,143.87,143.91,18216472
190,26/04/2017,143.68,144.6,143.3762,144.47,19614287
191,27/04/2017,143.79,144.16,143.31,143.9225,13948980
192,28/04/2017,143.65,144.3,143.27,144.09,20247187
193,01/05/2017,146.58,147.2,144.96,145.1,32818760
194,02/05/2017,147.51,148.09,146.84,147.54,39752670
195,03/05/2017,147.06,147.49,144.27,145.59,45142806
196,04/05/2017,146.53,147.14,145.81,146.52,23275690
197,05/05/2017,148.96,148.98,146.76,146.76,26787359
198,08/05/2017,153.01,153.7,149.03,149.03,48339210
199,09/05/2017,153.99,154.88,153.45,153.87,35942435
200,10/05/2017,153.26,153.94,152.11,153.63,25670456
201,11/05/2017,153.95,154.07,152.31,152.45,25596687
202,12/05/2017,156.1,156.42,154.67,154.7,32221756
203,15/05/2017,155.7,156.65,155.05,156.01,25700983
204,16/05/2017,155.47,156.06,154.72,155.94,19904679
205,17/05/2017,150.25,154.57,149.71,153.6,49482818
206,18/05/2017,152.54,153.34,151.13,151.27,33159664
207,19/05/2017,153.06,153.98,152.63,153.38,26733798
208,22/05/2017,153.99,154.58,152.91,154,22340069
209,23/05/2017,153.8,154.9,153.31,154.9,19430358
210,24/05/2017,153.34,154.17,152.67,153.84,19118319
211,25/05/2017,153.87,154.35,153.03,153.73,19044463
212,26/05/2017,153.61,154.24,153.31,154,21632202
213,30/05/2017,153.67,154.43,153.33,153.42,20034934
214,31/05/2017,152.76,154.17,152.38,153.97,23162873
215,01/06/2017,153.18,153.33,152.22,153.17,16180143
216,02/06/2017,155.45,155.45,152.89,153.58,27285861
217,05/06/2017,153.93,154.45,153.46,154.34,24803858
218,06/06/2017,154.45,155.81,153.78,153.9,26249630
219,07/06/2017,155.37,155.98,154.48,155.02,20678772
220,08/06/2017,154.99,155.54,154.4,155.25,20771367
221,09/06/2017,148.98,155.19,146.02,155.19,64882700
222,12/06/2017,145.42,146.09,142.51,145.74,71563614
223,13/06/2017,146.59,147.45,145.15,147.16,33749154
224,14/06/2017,145.16,147.5,143.84,147.5,31224203
225,15/06/2017,144.29,144.4798,142.21,143.32,31348832
226,16/06/2017,142.27,144.5,142.2,143.78,49180748
227,19/06/2017,146.34,146.74,143.66,143.66,31449132
228,20/06/2017,145.01,146.87,144.94,146.87,24572170
229,21/06/2017,145.87,146.0693,144.61,145.52,21064679
230,22/06/2017,145.63,146.7,145.1199,145.77,18673365
231,23/06/2017,146.28,147.16,145.11,145.13,25997976
232,26/06/2017,145.82,148.28,145.38,147.17,25524661
233,27/06/2017,143.73,146.16,143.62,145.01,24423643
234,28/06/2017,145.83,146.11,143.1601,144.49,21915939
235,29/06/2017,143.68,145.13,142.28,144.71,31116980
236,30/06/2017,144.02,144.96,143.78,144.45,22328979
237,03/07/2017,143.5,145.3,143.1,144.88,14258300
238,05/07/2017,144.09,144.79,142.7237,143.69,20758795
239,06/07/2017,142.73,143.5,142.41,143.02,23374374
240,07/07/2017,144.18,144.75,142.9,142.9,18505351
241,10/07/2017,145.06,145.95,143.37,144.11,21030466
242,11/07/2017,145.53,145.85,144.38,144.73,18311156
243,12/07/2017,145.74,146.18,144.82,145.87,23617964
244,13/07/2017,147.77,148.49,145.44,145.5,24922788
245,14/07/2017,149.04,149.33,147.33,147.97,19961788
246,17/07/2017,149.56,150.9,148.57,148.82,23243713
247,18/07/2017,150.08,150.13,148.67,149.2,17713795
248,19/07/2017,151.02,151.42,149.95,150.48,20615419
249,20/07/2017,150.34,151.74,150.19,151.5,17053326
250,21/07/2017,150.27,150.44,148.88,149.99,24671002
251,24/07/2017,152.09,152.44,149.9,150.58,21122730
252,25/07/2017,152.74,153.84,151.8,151.8,18612649
253,26/07/2017,153.46,153.93,153.06,153.35,15172136
254,27/07/2017,150.56,153.99,147.3,153.75,32175875
255,28/07/2017,149.5,150.23,149.19,149.89,16832947
256,31/07/2017,148.73,150.33,148.13,149.9,19422655
257,01/08/2017,150.05,150.22,148.41,149.1,24725526
258,02/08/2017,157.14,159.75,156.16,159.28,69222793
259,03/08/2017,155.57,157.21,155.02,157.05,26000738
260,04/08/2017,156.39,157.4,155.69,156.07,20349532
261,07/08/2017,158.81,158.92,156.6701,157.06,21870321
262,08/08/2017,160.08,161.83,158.27,158.6,35775675
263,09/08/2017,161.059998,161.27,159.11,159.26,25640394
264,10/08/2017,155.32,160,154.63,159.9,39081017
265,11/08/2017,157.48,158.5728,156.07,156.6,25943187
266,14/08/2017,159.85,160.21,158.75,159.32,21754810
267,15/08/2017,161.6,162.195,160.14,160.66,27936774
268,16/08/2017,160.95,162.51,160.15,161.94,27321761
269,17/08/2017,157.86,160.71,157.84,160.52,26925694
270,18/08/2017,157.5,159.5,156.72,157.86,27012525
271,21/08/2017,157.21,157.89,155.1101,157.5,26145653
272,22/08/2017,159.78,160,158.02,158.23,21297812
273,23/08/2017,159.98,160.47,158.88,159.07,19198189
274,24/08/2017,159.27,160.74,158.55,160.43,19029621
275,25/08/2017,159.86,160.56,159.27,159.65,25015218
276,28/08/2017,161.47,162,159.93,160.14,25279674
277,29/08/2017,162.91,163.12,160,160.1,29307862
278,30/08/2017,163.35,163.89,162.61,163.8,26973946
279,31/08/2017,164,164.52,163.48,163.64,26412439
280,01/09/2017,164.05,164.94,163.63,164.8,16508568
281,05/09/2017,162.08,164.25,160.56,163.75,29317054
282,06/09/2017,161.91,162.99,160.52,162.71,21179047
283,07/09/2017,161.26,162.24,160.36,162.09,21722995
284,08/09/2017,158.63,161.15,158.53,160.86,28183159
285,11/09/2017,161.5,162.05,159.89,160.5,31028926
286,12/09/2017,160.86,163.96,158.77,162.61,71139119
287,13/09/2017,159.65,159.96,157.91,159.87,44393752
288,14/09/2017,158.28,159.4,158.09,158.99,23073646
289,15/09/2017,159.88,160.97,158,158.47,48203642
290,18/09/2017,158.67,160.5,157.995,160.11,27939718
291,19/09/2017,158.73,159.77,158.44,159.51,20347352
292,20/09/2017,156.07,158.26,153.83,157.9,51693239
293,21/09/2017,153.39,155.8,152.75,155.8,36643382
294,22/09/2017,151.89,152.27,150.56,152.02,46114424
295,25/09/2017,150.55,151.83,149.16,149.99,43922334
296,26/09/2017,153.14,153.92,151.69,151.78,35470985
297,27/09/2017,154.23,154.7189,153.54,153.8,24959552
298,28/09/2017,153.28,154.28,152.7,153.89,21896592
299,29/09/2017,154.12,154.13,152,153.21,25856530
300,02/10/2017,153.81,154.45,152.72,154.26,18524860
301,03/10/2017,154.48,155.09,153.91,154.01,16146388
302,04/10/2017,153.48,153.86,152.46,153.63,19844177
303,05/10/2017,155.39,155.44,154.05,154.18,21032800
304,06/10/2017,155.3,155.49,154.56,154.97,16423749
305,09/10/2017,155.84,156.73,155.485,155.81,16200129
306,10/10/2017,155.9,158,155.1,156.055,15456331
307,11/10/2017,156.55,156.98,155.75,155.97,16607693
308,12/10/2017,156,157.37,155.7299,156.35,16045720
309,13/10/2017,156.99,157.28,156.41,156.73,16287608
310,16/10/2017,159.88,160,157.65,157.9,23894630
311,17/10/2017,160.47,160.87,159.23,159.78,18816438
312,18/10/2017,159.76,160.71,159.6,160.42,16158659
313,19/10/2017,155.98,157.08,155.02,156.75,42111326
314,20/10/2017,156.25,157.75,155.96,156.61,23612246
315,23/10/2017,156.17,157.69,155.5,156.89,21654461
316,24/10/2017,157.1,157.42,156.2,156.29,17137731
317,25/10/2017,156.41,157.55,155.27,156.91,20126554
318,26/10/2017,157.41,157.8295,156.78,157.23,16751691
319,27/10/2017,163.05,163.6,158.7,159.29,43904150
320,30/10/2017,166.72,168.07,163.72,163.89,43923292
321,31/10/2017,169.04,169.6499,166.94,167.9,35474672
322,01/11/2017,166.89,169.94,165.61,169.87,33100847
323,02/11/2017,168.11,168.5,165.28,167.64,32710040
324,03/11/2017,172.5,174.26,171.12,174,58683826
325,06/11/2017,174.25,174.99,171.72,172.365,34242566
326,07/11/2017,174.81,175.25,173.6,173.91,23910914
327,08/11/2017,176.24,176.24,174.33,174.66,23907639
328,09/11/2017,175.88,176.095,173.14,175.11,28636531
329,10/11/2017,174.67,175.38,174.27,175.11,25061183
330,13/11/2017,173.97,174.5,173.4,173.5,16828025
331,14/11/2017,171.34,173.48,171.18,173.04,23588451
332,15/11/2017,169.08,170.3197,168.38,169.97,28702351
333,16/11/2017,171.1,171.87,170.3,171.18,23497326
334,17/11/2017,170.15,171.39,169.64,171.04,21665811
335,20/11/2017,169.98,170.56,169.56,170.29,15974387
336,21/11/2017,173.14,173.7,170.78,170.78,24875471
337,22/11/2017,174.96,175,173.05,173.36,24997274
338,24/11/2017,174.97,175.5,174.6459,175.1,14026519
339,27/11/2017,174.09,175.08,173.34,175.05,20536313
340,28/11/2017,173.07,174.87,171.86,174.3,25468442
341,29/11/2017,169.48,172.92,167.16,172.63,40788324
342,30/11/2017,171.85,172.14,168.44,170.43,40172368
343,01/12/2017,171.05,171.67,168.5,169.95,39590080
344,04/12/2017,169.8,172.62,169.63,172.48,32115052
345,05/12/2017,169.64,171.52,168.4,169.06,27008428
346,06/12/2017,169.01,170.2047,166.46,167.5,28224357
347,07/12/2017,169.32,170.44,168.91,169.03,24469613
348,08/12/2017,169.37,171,168.82,170.49,23096872
349,11/12/2017,172.67,172.89,168.79,169.2,33092051
350,12/12/2017,171.7,172.39,171.461,172.15,18945457
351,13/12/2017,172.27,173.54,172,172.5,23142242
352,14/12/2017,172.22,173.13,171.65,172.4,20219307
353,15/12/2017,173.97,174.17,172.46,173.63,37054632
354,18/12/2017,176.42,177.2,174.86,174.88,28831533
355,19/12/2017,174.54,175.39,174.09,175.03,27078872
356,20/12/2017,174.35,175.42,173.25,174.87,23000392
357,21/12/2017,175.01,176.02,174.1,174.17,20356826
358,22/12/2017,175.01,175.42,174.5,174.68,16052615
359,26/12/2017,170.57,171.47,169.68,170.8,32968167
360,27/12/2017,170.6,170.78,169.71,170.1,21672062
361,28/12/2017,171.08,171.85,170.48,171,15997739
362,29/12/2017,169.23,170.59,169.22,170.52,25643711
363,02/01/2018,172.26,172.3,169.26,170.16,25048048
364,03/01/2018,172.23,174.55,171.96,172.53,28819653
365,04/01/2018,173.03,173.47,172.08,172.54,22211345
366,05/01/2018,175,175.37,173.05,173.44,23016177
367,08/01/2018,174.35,175.61,173.93,174.35,20134092
368,09/01/2018,174.33,175.06,173.41,174.55,21262614
369,10/01/2018,174.29,174.3,173,173.16,23589129
370,11/01/2018,175.28,175.49,174.49,174.59,17523256
371,12/01/2018,177.09,177.36,175.65,176.18,25039531
372,16/01/2018,176.19,179.39,176.14,177.9,29159005
373,17/01/2018,179.1,179.25,175.07,176.15,32752734
374,18/01/2018,179.26,180.1,178.25,179.37,30234512
375,19/01/2018,178.46,179.58,177.41,178.61,30827809
376,22/01/2018,177,177.78,176.6,177.3,26023683
377,23/01/2018,177.04,179.44,176.82,177.3,31702531
378,24/01/2018,174.22,177.3,173.2,177.25,50562257
379,25/01/2018,171.11,174.95,170.53,174.51,39661804
380,26/01/2018,171.51,172,170.06,172,37121805
381,29/01/2018,167.96,170.16,167.07,170.16,48434424
382,30/01/2018,166.97,167.37,164.7,165.53,45137026
383,31/01/2018,167.43,168.44,166.5,166.87,30984099
384,01/02/2018,167.78,168.62,166.76,167.17,38099665
385,02/02/2018,160.5,166.8,160.1,166,85436075
386,05/02/2018,156.49,163.88,156,159.1,66090446
387,06/02/2018,163.03,163.72,154,154.83,66625484
388,07/02/2018,159.54,163.4,159.07,163.09,50852130
389,08/02/2018,155.15,161,155.03,160.29,49594129
390,09/02/2018,156.41,157.89,150.24,157.07,66723743
391,12/02/2018,162.71,163.89,157.51,158.5,60560145
392,13/02/2018,164.34,164.75,161.65,161.95,32104756
393,14/02/2018,167.37,167.54,162.88,163.04,39669178
394,15/02/2018,172.99,173.09,169,169.79,50609595
395,16/02/2018,172.43,174.82,171.77,172.36,39638793
396,20/02/2018,171.85,174.26,171.42,172.05,33531012
397,21/02/2018,171.07,174.12,171.01,172.83,35833514
398,22/02/2018,172.5,173.95,171.71,171.8,30504116
399,23/02/2018,175.5,175.65,173.54,173.67,33329232
400,26/02/2018,178.97,179.39,176.21,176.35,36886432
401,27/02/2018,178.39,180.48,178.16,179.1,38685165
402,28/02/2018,178.12,180.62,178.05,179.26,33604574
403,01/03/2018,175,179.78,172.66,178.54,48801970
404,02/03/2018,176.21,176.3,172.45,172.8,38453950
405,05/03/2018,176.82,177.74,174.52,175.21,28401366
406,06/03/2018,176.67,178.25,176.13,177.91,23788506
407,07/03/2018,175.03,175.85,174.27,174.94,31703462
408,08/03/2018,176.94,177.12,175.07,175.48,23163767
409,09/03/2018,179.98,180,177.39,177.96,31385134
410,12/03/2018,181.72,182.39,180.21,180.29,32055405
411,13/03/2018,179.97,183.5,179.24,182.59,31168404
412,14/03/2018,178.44,180.52,177.81,180.32,29075469
413,15/03/2018,178.65,180.24,178.07,178.5,22584565
414,16/03/2018,178.02,179.12,177.62,178.65,36836456
415,19/03/2018,175.3,177.47,173.66,177.32,32804695
416,20/03/2018,175.24,176.8,174.94,175.24,19314039
417,21/03/2018,171.27,175.09,171.26,175.04,35247358
418,22/03/2018,168.85,172.68,168.6,170,41051076
419,23/03/2018,164.94,169.92,164.94,168.39,40248954
420,26/03/2018,172.77,173.1,166.44,168.07,36272617
421,27/03/2018,168.34,175.15,166.92,173.68,38962839
422,28/03/2018,166.48,170.02,165.19,167.25,41668545
423,29/03/2018,167.78,171.75,166.9,167.81,38398505
424,02/04/2018,166.68,168.94,164.47,166.64,37586791
425,03/04/2018,168.39,168.75,164.88,167.64,30278046
426,04/04/2018,171.61,172.01,164.77,164.88,34605489
427,05/04/2018,172.8,174.23,172.08,172.58,26933197
428,06/04/2018,168.38,172.48,168.2,170.97,35005290
429,09/04/2018,170.05,173.09,169.85,169.88,29017718
430,10/04/2018,173.25,174,171.53,173,28614241
431,11/04/2018,172.44,173.92,171.7,172.23,22431640
432,12/04/2018,174.14,175,173.04,173.41,22889285
433,13/04/2018,174.73,175.84,173.85,174.78,25124255
434,16/04/2018,175.82,176.19,174.83,175.03,21578420
435,17/04/2018,178.24,178.94,176.41,176.49,26605442
436,18/04/2018,177.84,178.82,176.88,177.81,20754538
437,19/04/2018,172.8,175.39,172.66,173.76,34808800
438,20/04/2018,165.72,171.22,165.43,170.6,65491140
439,23/04/2018,165.24,166.92,164.09,166.83,36515477
440,24/04/2018,162.94,166.33,161.22,165.67,33692017
441,25/04/2018,163.65,165.42,162.41,162.62,28382084
442,26/04/2018,164.22,165.73,163.37,164.12,27963014
443,27/04/2018,162.32,164.33,160.63,164,35655839
444,30/04/2018,165.26,167.26,161.84,162.13,42427424
445,01/05/2018,169.1,169.2,165.27,166.41,53569376
446,02/05/2018,176.57,177.75,173.8,175.23,66539371
447,03/05/2018,176.89,177.5,174.44,175.88,34068180
448,04/05/2018,183.83,184.25,178.17,178.25,56201317
449,07/05/2018,185.16,187.67,184.75,185.18,42451423
450,08/05/2018,186.05,186.22,183.67,184.99,28402777
451,09/05/2018,187.36,187.4,185.22,186.55,23211241
452,10/05/2018,190.04,190.37,187.65,187.74,27989289
453,11/05/2018,188.59,190.06,187.45,189.49,26212221
454,14/05/2018,188.15,189.53,187.86,189.01,20778772
455,15/05/2018,186.44,187.07,185.1,186.78,23695159
456,16/05/2018,188.18,188.46,186,186.07,19183064
457,17/05/2018,186.99,188.91,186.36,188,17294029
458,18/05/2018,186.31,187.81,186.13,187.19,18297728
459,21/05/2018,187.63,189.27,186.91,188,18400787
460,22/05/2018,187.16,188.88,186.78,188.38,15240704
461,23/05/2018,188.36,188.5,185.76,186.35,20058415
462,24/05/2018,188.15,188.84,186.21,188.77,23233975
463,25/05/2018,188.58,189.65,187.65,188.23,17460963
464,29/05/2018,187.9,188.75,186.87,187.6,22514075
465,30/05/2018,187.5,188,186.78,187.72,18690547
466,31/05/2018,186.87,188.23,186.14,187.22,27482793
467,01/06/2018,190.24,190.26,187.75,187.99,23442510
468,04/06/2018,191.83,193.42,191.35,191.64,26266174
469,05/06/2018,193.31,193.94,192.36,193.07,21565963
470,06/06/2018,193.98,194.08,191.92,193.63,20933619
471,07/06/2018,193.46,194.2,192.34,194.14,21347180
472,08/06/2018,191.7,192,189.77,191.17,26656799
473,11/06/2018,191.23,191.97,190.21,191.35,18308460
474,12/06/2018,192.28,192.61,191.15,191.39,16911141
475,13/06/2018,190.7,192.88,190.44,192.42,21638393
476,14/06/2018,190.8,191.57,190.22,191.55,21610074
477,15/06/2018,188.84,190.16,188.26,190.03,61719160
478,18/06/2018,188.74,189.22,187.2,187.88,18484865
479,19/06/2018,185.69,186.33,183.45,185.14,33578455
480,20/06/2018,186.5,187.2,185.73,186.35,20628701
481,21/06/2018,185.46,188.35,184.94,187.25,25711898
482,22/06/2018,184.92,186.15,184.7,186.12,27200447
483,25/06/2018,182.17,184.92,180.73,183.4,31663096
484,26/06/2018,184.43,186.53,182.54,182.99,24569201
485,27/06/2018,184.16,187.28,184.03,185.23,25285328
486,28/06/2018,185.5,186.21,183.8,184.1,17365235
487,29/06/2018,185.11,187.19,182.91,186.29,22737666
488,02/07/2018,187.18,187.3,183.42,183.82,17731343
489,03/07/2018,183.92,187.95,183.54,187.79,13954806
490,05/07/2018,185.4,186.41,184.28,185.26,16604248
491,06/07/2018,187.97,188.43,185.2,185.42,17485245
492,09/07/2018,190.58,190.68,189.3,189.5,19756634
493,10/07/2018,190.35,191.28,190.18,190.71,15939149
494,11/07/2018,187.88,189.78,187.61,188.5,18831470
495,12/07/2018,191.03,191.41,189.31,189.53,18041131
496,13/07/2018,191.33,191.84,190.9,191.08,12519792
497,16/07/2018,190.91,192.65,190.42,191.52,15043110
498,17/07/2018,191.45,191.87,189.2,189.75,15534523
499,18/07/2018,190.4,191.8,189.93,191.78,16393381
500,19/07/2018,191.88,192.55,189.69,189.69,20286752
501,20/07/2018,191.44,192.43,190.17,191.78,20706042
502,23/07/2018,191.61,191.96,189.56,190.68,15989365
503,24/07/2018,193,193.66,192.05,192.45,18697898
504,25/07/2018,194.82,194.85,192.43,193.06,16826483
505,26/07/2018,194.21,195.96,193.61,194.61,19075964
506,27/07/2018,190.98,195.19,190.1,194.99,24023972
507,30/07/2018,189.91,192.2,189.07,191.9,21029535
508,31/07/2018,190.29,192.14,189.34,190.3,39373038
509,01/08/2018,201.5,201.76,197.31,199.13,67935716
510,02/08/2018,207.39,208.38,200.35,200.58,62404012
511,03/08/2018,207.99,208.74,205.48,207.03,33447396
512,06/08/2018,209.07,209.25,207.07,208,25425387
513,07/08/2018,207.11,209.5,206.76,209.32,25587387
514,08/08/2018,207.25,207.81,204.52,206.05,22525487
515,09/08/2018,208.88,209.78,207.2,207.28,23492626
516,10/08/2018,207.53,209.1,206.67,207.36,24611202
517,13/08/2018,208.87,210.95,207.7,207.7,25890880
518,14/08/2018,209.75,210.56,208.26,210.16,20748010
519,15/08/2018,210.24,210.74,208.33,209.22,28807564
520,16/08/2018,213.32,213.81,211.47,211.75,28500367
521,17/08/2018,217.58,217.95,213.16,213.44,35426997
522,20/08/2018,215.46,219.18,215.11,218.1,30287695
523,21/08/2018,215.04,217.19,214.03,216.8,26159755
524,22/08/2018,215.05,216.36,213.84,214.1,19018131
525,23/08/2018,215.49,217.05,214.6,214.65,18883224
526,24/08/2018,216.16,216.9,215.11,216.6,18476356
527,27/08/2018,217.94,218.74,216.33,217.15,20525117
528,28/08/2018,219.7,220.54,218.92,219.01,22776766
529,29/08/2018,222.98,223.49,219.41,220.15,27254804
530,30/08/2018,225.03,228.26,222.4,223.25,48793824
531,31/08/2018,227.63,228.87,226,226.51,43340134
532,04/09/2018,228.36,229.18,226.63,228.41,27390132
533,05/09/2018,226.87,229.67,225.1,228.99,33332960
534,06/09/2018,223.1,227.35,221.3,226.23,34289976
535,07/09/2018,221.3,225.37,220.71,221.85,37619810
536,10/09/2018,218.33,221.85,216.47,220.95,39516453
537,11/09/2018,223.85,224.3,216.56,218.01,35749049
538,12/09/2018,221.07,225,219.84,224.94,49278740
539,13/09/2018,226.41,228.35,222.57,223.52,41706377
540,14/09/2018,223.84,226.84,222.52,225.75,31999289
541,17/09/2018,217.88,222.95,217.27,222.15,37195133
542,18/09/2018,218.24,221.85,217.12,217.79,31571712
543,19/09/2018,218.37,219.62,215.3,218.5,27123833
544,20/09/2018,220.03,222.28,219.15,220.24,26608794
545,21/09/2018,217.66,221.36,217.29,220.78,96246748
546,24/09/2018,220.79,221.26,216.63,216.82,27693358
547,25/09/2018,222.19,222.82,219.7,219.75,24554379
548,26/09/2018,220.42,223.75,219.76,221,23984706
549,27/09/2018,224.95,226.44,223.54,223.82,30181227
550,28/09/2018,225.74,225.84,224.02,224.79,22929364
551,01/10/2018,227.26,229.42,226.35,227.95,23600802
552,02/10/2018,229.28,230,226.63,227.25,24788170
553,03/10/2018,232.07,233.47,229.78,230.05,28654799
554,04/10/2018,227.99,232.35,226.73,230.78,32042000
555,05/10/2018,224.29,228.41,220.58,227.96,33580463
556,08/10/2018,223.77,224.8,220.2,222.21,29663923
557,09/10/2018,226.87,227.27,222.25,223.64,26891029
558,10/10/2018,216.36,226.35,216.05,225.46,41990554
559,11/10/2018,214.45,219.5,212.32,214.52,53124392
560,12/10/2018,222.11,222.88,216.84,220.42,40337851
561,15/10/2018,217.36,221.83,217.27,221.16,30791007
562,16/10/2018,222.15,222.99,216.76,218.93,29183963
563,17/10/2018,221.19,222.64,219.34,222.3,22885397
564,18/10/2018,216.02,219.74,213,217.86,32581315
565,19/10/2018,219.31,221.26,217.43,218.06,33078726
566,22/10/2018,220.65,223.36,218.94,219.79,28792082
567,23/10/2018,222.73,223.25,214.7,215.83,38767846
568,24/10/2018,215.09,224.23,214.54,222.6,40925163
569,25/10/2018,219.8,221.38,216.75,217.71,29855768
570,26/10/2018,216.3,220.19,212.67,215.9,47258375
571,29/10/2018,212.24,219.69,206.09,219.19,45935520
572,30/10/2018,213.3,215.18,209.27,211.15,36659990
573,31/10/2018,218.86,220.45,216.62,216.88,38358933
574,01/11/2018,222.22,222.36,216.81,219.05,58323180
575,02/11/2018,207.48,213.65,205.43,209.55,91328654
576,05/11/2018,201.59,204.39,198.17,204.3,66163669
577,06/11/2018,203.77,204.72,201.69,201.92,31882881
578,07/11/2018,209.95,210.06,204.13,205.97,33424434
579,08/11/2018,208.49,210.12,206.75,209.98,25362636
580,09/11/2018,204.47,206.01,202.25,205.55,34365750
581,12/11/2018,194.17,199.85,193.79,199,51135518
582,13/11/2018,192.23,197.18,191.45,191.63,46882936
583,14/11/2018,186.8,194.48,185.93,193.9,60800957
584,15/11/2018,191.41,191.97,186.9,188.39,46478801
585,16/11/2018,193.53,194.97,189.46,190.5,36928253
586,19/11/2018,185.86,190.7,184.99,190,41920872
587,20/11/2018,176.98,181.47,175.51,178.37,67825247
588,21/11/2018,176.78,180.27,176.55,179.73,31124210
589,23/11/2018,172.29,176.595,172.1,174.94,23623972
590,26/11/2018,174.62,174.95,170.26,174.24,44998520
591,27/11/2018,174.24,174.77,170.88,171.51,41387377
592,28/11/2018,180.94,181.29,174.93,176.73,46062539
593,29/11/2018,179.55,182.8,177.7,182.66,41769992
594,30/11/2018,178.58,180.33,177.03,180.29,39531549
595,03/12/2018,184.82,184.94,181.21,184.46,40798002
596,04/12/2018,176.69,182.39,176.27,180.95,41344282
597,06/12/2018,174.72,174.78,170.42,171.76,43098410
598,07/12/2018,168.49,174.49,168.3,173.49,42281631
599,10/12/2018,169.6,170.09,163.33,165,62025994
600,11/12/2018,168.63,171.79,167,171.66,47281665
601,12/12/2018,169.1,171.92,169.02,170.4,35627674
602,13/12/2018,170.95,172.57,169.55,170.49,31897827
603,14/12/2018,165.48,169.08,165.28,169,40703710
604,17/12/2018,163.94,168.35,162.73,165.45,44287922
605,18/12/2018,166.07,167.53,164.39,165.38,33841518
606,19/12/2018,160.89,167.45,159.09,166,49047297
607,20/12/2018,156.83,162.11,155.3,160.4,64772960
608,21/12/2018,150.73,158.16,149.63,156.86,95744384
609,24/12/2018,146.83,151.55,146.59,148.15,37169232
610,26/12/2018,157.17,157.23,146.72,148.3,58582544
611,27/12/2018,156.15,156.77,150.07,155.84,53117065
612,28/12/2018,156.23,158.52,154.55,157.5,42291424
613,31/12/2018,157.74,159.36,156.48,158.53,35003466
614,02/01/2019,157.92,158.85,154.23,154.89,37039737
615,03/01/2019,142.19,145.72,142,143.98,91312195
616,04/01/2019,148.26,148.55,143.8,144.53,58607070
617,07/01/2019,147.93,148.83,145.9,148.7,54777764
618,08/01/2019,150.75,151.82,148.52,149.56,41025314
619,09/01/2019,153.31,154.53,149.63,151.29,45099081
620,10/01/2019,153.8,153.97,150.86,152.5,35780670
621,11/01/2019,152.29,153.7,151.51,152.88,27023241
622,14/01/2019,150,151.27,149.22,150.85,32439186
623,15/01/2019,153.07,153.39,150.05,150.27,28710324
624,16/01/2019,154.94,155.88,153,153.08,30569706
625,17/01/2019,155.86,157.66,153.26,154.2,29821160
626,18/01/2019,156.82,157.88,155.98,157.5,33751023
627,22/01/2019,153.3,156.73,152.62,156.41,30393970
628,23/01/2019,153.92,155.14,151.7,154.15,23130570
629,24/01/2019,152.7,154.48,151.74,154.11,25441549
630,25/01/2019,157.76,158.13,154.32,155.48,33547893
631,28/01/2019,156.3,156.33,153.66,155.79,26192058
632,29/01/2019,154.68,158.13,154.11,156.25,41587239
633,30/01/2019,165.25,166.15,160.23,163.25,61109780
634,31/01/2019,166.44,169,164.56,166.11,40739649
635,01/02/2019,166.52,168.98,165.93,166.96,32668138
636,04/02/2019,171.25,171.66,167.28,167.41,31495582
637,05/02/2019,174.18,175.08,172.35,172.86,36101628
638,06/02/2019,174.24,175.57,172.85,174.65,28239591
639,07/02/2019,170.94,173.94,170.34,172.4,31741690
640,08/02/2019,170.41,170.66,168.42,168.99,23819966
641,11/02/2019,169.43,171.21,169.25,171.05,20993425
642,12/02/2019,170.89,171,169.7,170.1,22283523
643,13/02/2019,170.18,172.48,169.92,171.39,22490233
644,14/02/2019,170.8,171.26,169.38,169.71,21835747
645,15/02/2019,170.42,171.7,169.75,171.25,24626814
646,19/02/2019,170.93,171.44,169.49,169.71,18972826
647,20/02/2019,172.03,173.32,170.99,171.19,26114362
648,21/02/2019,171.06,172.37,170.3,171.8,17249670
649,22/02/2019,172.97,173,171.38,171.58,18913154
650,25/02/2019,174.23,175.87,173.95,174.16,21873358
651,26/02/2019,174.33,175.3,173.17,173.71,17070211
652,27/02/2019,174.87,175,172.73,173.21,27835389
653,28/02/2019,173.15,174.91,172.92,174.32,28215416
654,01/03/2019,174.97,175.15,172.89,174.28,25886167
655,04/03/2019,175.85,177.75,173.97,175.69,27436203
656,05/03/2019,175.53,176,174.54,175.94,19737419
657,06/03/2019,174.52,175.49,173.94,174.67,20810384
658,07/03/2019,172.5,174.44,172.02,173.87,24796374
659,08/03/2019,172.91,173.07,169.5,170.32,23999358
660,11/03/2019,178.9,179.12,175.35,175.49,32011034
661,12/03/2019,180.91,182.67,179.37,180,32467584
662,13/03/2019,181.71,183.3,180.92,182.25,31032524
663,14/03/2019,183.73,184.1,182.56,183.9,23579508
664,15/03/2019,186.12,187.33,183.74,184.85,39042912
665,18/03/2019,188.02,188.39,185.79,185.8,26219832
666,19/03/2019,186.53,188.99,185.92,188.35,31646369
667,20/03/2019,188.16,189.49,184.73,186.23,31035231
668,21/03/2019,195.09,196.33,189.81,190.02,51034237
669,22/03/2019,191.05,197.69,190.78,195.34,42407666
670,25/03/2019,188.74,191.98,186.6,191.51,43845293
671,26/03/2019,186.79,192.88,184.58,191.66,49800538
672,27/03/2019,188.47,189.76,186.55,188.75,29848427
673,28/03/2019,188.72,189.56,187.53,188.95,20780363
674,29/03/2019,189.95,190.08,188.54,189.83,23563961
675,01/04/2019,191.24,191.68,188.38,191.64,27861964
676,02/04/2019,194.02,194.46,191.05,191.09,22765732
677,03/04/2019,195.35,196.5,193.15,193.25,23271830
678,04/04/2019,195.69,196.37,193.14,194.79,19114275
679,05/04/2019,197,197.1,195.93,196.45,18526644
680,08/04/2019,200.1,200.23,196.34,196.42,25881697
681,09/04/2019,199.5,202.85,199.23,200.32,35768237
682,10/04/2019,200.62,200.74,198.18,198.68,21695288
683,11/04/2019,198.95,201,198.44,200.85,20900808
684,12/04/2019,198.87,200.14,196.21,199.2,27760668
685,15/04/2019,199.23,199.85,198.01,198.58,17536646
686,16/04/2019,199.25,201.37,198.56,199.46,25696385
687,17/04/2019,203.13,203.38,198.61,199.54,28906780
688,18/04/2019,203.86,204.15,202.52,203.12,24195766
689,22/04/2019,204.53,204.94,202.34,202.83,19439545
690,23/04/2019,207.48,207.75,203.9,204.43,23322991
691,24/04/2019,207.16,208.48,207.05,207.36,17540609
692,25/04/2019,205.28,207.76,205.12,206.83,18543206
693,26/04/2019,204.3,205,202.12,204.9,18649102
694,29/04/2019,204.61,205.97,203.86,204.4,22204716
695,30/04/2019,200.67,203.4,199.11,203.06,46534923
696,01/05/2019,210.52,215.31,209.23,209.88,64827328
697,02/05/2019,209.15,212.65,208.13,209.84,31996324
698,03/05/2019,211.75,211.84,210.23,210.89,20892378
699,06/05/2019,208.48,208.84,203.5,204.29,32443113
700,07/05/2019,202.86,207.42,200.83,205.88,38763698
701,08/05/2019,202.9,205.34,201.75,201.9,26339504
702,09/05/2019,200.72,201.68,196.66,200.4,34908607
703,10/05/2019,197.18,198.85,192.77,197.42,41208712
704,13/05/2019,185.72,189.48,182.85,187.71,57430623
705,14/05/2019,188.66,189.7,185.41,186.41,36529677
706,15/05/2019,190.92,191.75,186.02,186.27,26544718
707,16/05/2019,190.08,192.47,188.84,189.91,33031364
708,17/05/2019,189,190.9,186.76,186.93,32879090
709,20/05/2019,183.09,184.35,180.28,183.52,38612290
710,21/05/2019,186.6,188,184.7,185.22,28364848
711,22/05/2019,182.78,185.71,182.55,184.66,29748556
712,23/05/2019,179.66,180.54,177.81,179.8,36529736
713,24/05/2019,178.97,182.14,178.62,180.2,23714686
714,28/05/2019,178.23,180.59,177.91,178.92,27948160
715,29/05/2019,177.38,179.35,176,176.42,28481165
716,30/05/2019,178.3,179.23,176.67,177.95,21218412
717,31/05/2019,175.07,177.99,174.99,176.23,27043584
718,03/06/2019,173.3,177.92,170.27,175.6,40396069
719,04/06/2019,179.64,179.83,174.52,175.44,30967961
720,05/06/2019,182.54,184.99,181.14,184.28,29773427
721,06/06/2019,185.22,185.47,182.15,183.08,22526311
722,07/06/2019,190.15,191.92,185.77,186.51,30684393
723,10/06/2019,192.58,195.37,191.62,191.81,26220851
724,11/06/2019,194.81,196,193.6,194.86,26932882
725,12/06/2019,194.19,195.97,193.39,193.95,18253189
726,13/06/2019,194.15,196.79,193.6,194.7,21674625
727,14/06/2019,192.74,193.59,190.3,191.55,18761474
728,17/06/2019,193.89,194.96,192.17,192.9,14669144
729,18/06/2019,198.45,200.29,195.21,196.05,26551004
730,19/06/2019,197.87,199.88,197.31,199.68,21124235
731,20/06/2019,199.46,200.61,198.03,200.37,21513988
732,21/06/2019,198.78,200.85,198.15,198.8,47800589
733,24/06/2019,198.58,200.16,198.17,198.54,18220421
734,25/06/2019,195.57,199.26,195.29,198.43,21070334
735,26/06/2019,199.8,200.99,197.35,197.77,26067512
736,27/06/2019,199.74,201.57,199.57,200.29,20899717
737,28/06/2019,197.92,199.5,197.05,198.68,31110642
738,01/07/2019,201.55,204.49,200.65,203.17,27316739
739,02/07/2019,202.73,203.13,201.36,201.41,16935217
740,03/07/2019,204.41,204.44,202.69,203.28,11362045
741,05/07/2019,204.23,205.08,202.9,203.35,17265518
742,08/07/2019,200.02,201.4,198.41,200.81,25338628
743,09/07/2019,201.24,201.51,198.81,199.2,20578015
744,10/07/2019,203.23,203.73,201.56,201.85,17897138
745,11/07/2019,201.75,204.39,201.71,203.31,20191842
746,12/07/2019,203.3,204,202.2,202.45,17595212
747,15/07/2019,205.21,205.87,204,204.09,16947420
748,16/07/2019,204.5,206.11,203.5,204.59,16866816
749,17/07/2019,203.35,205.09,203.27,204.05,14107450
750,18/07/2019,205.66,205.88,203.7,204,18582161
751,19/07/2019,202.59,206.5,202.36,205.79,20929307
752,22/07/2019,207.22,207.23,203.61,203.65,22277932
753,23/07/2019,208.84,208.91,207.29,208.46,18355210
754,24/07/2019,208.67,209.15,207.17,207.67,14991567
755,25/07/2019,207.02,209.24,206.73,208.89,13909535
756,26/07/2019,207.74,209.73,207.14,207.48,17618874
757,29/07/2019,209.68,210.64,208.44,208.46,21673389
758,30/07/2019,208.78,210.16,207.31,208.76,33935718
759,31/07/2019,213.04,221.37,211.3,216.42,69281361
760,01/08/2019,208.43,218.03,206.74,213.9,54017922
761,02/08/2019,204.02,206.43,201.63,205.53,40862122
762,05/08/2019,193.34,198.65,192.58,197.99,52392969
763,06/08/2019,197,198.07,194.04,196.31,35824787
764,07/08/2019,199.04,199.56,193.82,195.41,33364400
765,08/08/2019,203.43,203.53,199.39,200.2,27009523
766,09/08/2019,200.99,202.76,199.29,201.3,24619746
767,12/08/2019,200.48,202.05,199.15,199.62,22481889
768,13/08/2019,208.97,212.14,200.48,201.02,47539786
769,14/08/2019,202.75,206.44,202.59,203.16,36547443
770,15/08/2019,201.74,205.14,199.67,203.46,27883363
771,16/08/2019,206.5,207.16,203.84,204.28,28813624
772,19/08/2019,210.35,212.73,210.03,210.62,24431915
773,20/08/2019,210.36,213.35,210.32,210.88,26919529
774,21/08/2019,212.64,213.65,211.6,212.99,21564747
775,22/08/2019,212.46,214.44,210.75,213.19,22267819
776,23/08/2019,202.64,212.05,201,209.43,46882843
777,26/08/2019,206.49,207.19,205.06,205.86,26066130
778,27/08/2019,204.16,208.55,203.53,207.86,25897344
779,28/08/2019,205.53,205.72,203.32,204.1,15957632
780,29/08/2019,209.01,209.32,206.66,208.5,21007652
781,30/08/2019,208.74,210.45,207.2,210.16,21162561
782,03/09/2019,205.7,206.98,204.22,206.43,20059574
783,04/09/2019,209.19,209.48,207.32,208.39,19216820
784,05/09/2019,213.28,213.97,211.51,212,23946984
785,06/09/2019,213.26,214.42,212.51,214.05,19362294
786,09/09/2019,214.17,216.44,211.07,214.84,27309401
787,10/09/2019,216.7,216.78,211.71,213.86,31777931
788,11/09/2019,223.59,223.71,217.73,218.07,44289646
789,12/09/2019,223.09,226.42,222.86,224.8,32226669
790,13/09/2019,218.75,220.79,217.02,220,39763296
791,16/09/2019,219.9,220.13,217.56,217.73,21158141
792,17/09/2019,220.7,220.82,219.12,219.96,18386468
793,18/09/2019,222.77,222.85,219.44,221.06,25643093
794,19/09/2019,220.96,223.76,220.37,222.01,22187876
795,20/09/2019,217.73,222.56,217.47,221.38,57977094
796,23/09/2019,218.72,219.84,217.65,218.95,19419648
797,24/09/2019,217.68,222.49,217.19,221.03,31434367
798,25/09/2019,221.03,221.5,217.14,218.55,22481006
799,26/09/2019,219.89,220.94,218.83,220,19088312
800,27/09/2019,218.82,220.96,217.28,220.54,25361285
801,30/09/2019,223.97,224.58,220.79,220.9,26318583
802,01/10/2019,224.59,228.22,224.2,225.07,36187163
803,02/10/2019,218.96,223.58,217.93,223.06,35767257
804,03/10/2019,220.82,220.96,215.13,218.43,30352686
805,04/10/2019,227.01,227.49,223.89,225.64,34755553
806,07/10/2019,227.06,229.93,225.84,226.27,30889269
807,08/10/2019,224.4,228.06,224.33,225.82,29282700
808,09/10/2019,227.03,227.79,225.64,227.03,19029424
809,10/10/2019,230.09,230.44,227.3,227.93,28962984
810,11/10/2019,236.21,237.64,232.31,232.95,41990210
811,14/10/2019,235.87,238.13,234.67,234.9,24413484
812,15/10/2019,235.32,237.65,234.88,236.39,23040483
813,16/10/2019,234.37,235.24,233.2,233.37,19286694
814,17/10/2019,235.28,236.15,233.52,235.09,17272897
815,18/10/2019,236.41,237.58,234.29,234.59,24248023
816,21/10/2019,240.51,240.99,237.32,237.52,21811567
817,22/10/2019,239.96,242.2,239.62,241.16,22684001
818,23/10/2019,243.18,243.24,241.22,242.1,19932545
819,24/10/2019,243.58,244.8,241.81,244.51,17916255
820,25/10/2019,246.58,246.73,242.88,243.16,18369296
821,28/10/2019,249.05,249.25,246.72,247.42,23655368
822,29/10/2019,243.29,249.75,242.57,248.97,35709867
823,30/10/2019,243.26,245.3,241.21,244.76,31130522
824,31/10/2019,248.76,249.17,237.26,247.24,34790520
825,01/11/2019,255.82,255.93,249.16,249.54,37781334
826,04/11/2019,257.5,257.85,255.38,257.33,25817952
827,05/11/2019,257.13,258.19,256.32,257.05,19974427
828,06/11/2019,257.24,257.49,255.37,256.77,18966124
829,07/11/2019,259.43,260.35,258.11,258.74,23735083
830,08/11/2019,260.14,260.44,256.85,258.69,17520495
831,11/11/2019,262.2,262.47,258.28,258.3,20507459
832,12/11/2019,261.96,262.79,260.92,261.55,21847226
833,13/11/2019,264.47,264.78,261.07,261.13,25817593
834,14/11/2019,262.64,264.88,262.1,263.75,22395556
835,15/11/2019,265.76,265.78,263.01,263.68,25093666
836,18/11/2019,267.1,267.43,264.23,265.8,21700897
837,19/11/2019,266.29,268,265.39,267.9,19069597
838,20/11/2019,263.19,266.08,260.4,265.54,26609919
839,21/11/2019,262.01,264.01,261.18,263.69,30348778
840,22/11/2019,261.78,263.18,260.84,262.59,16331263
841,25/11/2019,266.37,266.44,262.52,262.71,21029517
842,26/11/2019,264.29,267.16,262.5,266.94,26334882
843,27/11/2019,267.84,267.98,265.31,265.58,16386122
844,29/11/2019,267.25,268,265.9,266.6,11654363
845,02/12/2019,264.16,268.25,263.45,267.27,23693550
846,03/12/2019,259.45,259.53,256.29,258.31,29377268
847,04/12/2019,261.74,263.31,260.68,261.07,16810388
848,05/12/2019,265.58,265.89,262.73,263.79,18661343
849,06/12/2019,270.71,271,267.3,267.48,26547493
850,09/12/2019,266.92,270.8,264.91,270,32182645
851,10/12/2019,268.48,270.07,265.86,268.6,22632383
852,11/12/2019,270.77,271.1,268.5,268.81,19723391
853,12/12/2019,271.46,272.56,267.32,267.78,34437042
854,13/12/2019,275.15,275.3,270.93,271.46,33432806
855,16/12/2019,279.86,280.79,276.98,277,32081105
856,17/12/2019,280.41,281.77,278.8,279.57,28575798
857,18/12/2019,279.74,281.9,279.12,279.8,29024687
858,19/12/2019,280.02,281.18,278.95,279.5,24626947
859,20/12/2019,279.44,282.65,278.56,282.23,69032743
860,23/12/2019,284,284.25,280.37,280.53,24677883
861,24/12/2019,284.27,284.89,282.92,284.69,12119714
862,26/12/2019,289.91,289.98,284.7,284.82,23334004
863,27/12/2019,289.8,293.97,288.12,291.12,36592936
864,30/12/2019,291.52,292.69,285.22,289.46,36059614
865,31/12/2019,293.65,293.68,289.52,289.93,25247625
866,02/01/2020,300.35,300.6,295.19,296.24,33911864
867,03/01/2020,297.43,300.58,296.5,297.15,36633878
868,06/01/2020,299.8,299.96,292.75,293.79,29644644
869,07/01/2020,298.39,300.9,297.48,299.84,27877655
870,08/01/2020,303.19,304.44,297.16,297.16,33090946
871,09/01/2020,309.63,310.43,306.2,307.24,42621542
872,10/01/2020,310.33,312.67,308.25,310.6,35217272
873,13/01/2020,316.96,317.07,311.15,311.64,30028742
874,14/01/2020,312.68,317.57,312.17,316.7,40653457
875,15/01/2020,311.34,315.5,309.55,311.85,30480882
876,16/01/2020,315.24,315.7,312.09,313.59,27207254
877,17/01/2020,318.73,318.74,315,316.27,34454117
878,21/01/2020,316.57,319.02,316,317.19,27235039
879,22/01/2020,317.7,319.99,317.31,318.58,25458115
880,23/01/2020,319.23,319.56,315.65,317.92,26117993
881,24/01/2020,318.31,323.33,317.52,320.25,36634380
882,27/01/2020,308.95,311.77,304.88,310.06,40485005
883,28/01/2020,317.69,318.4,312.19,312.6,40558486
884,29/01/2020,324.34,327.85,321.38,324.45,54149928
885,30/01/2020,323.87,324.09,318.75,320.54,31685808
886,31/01/2020,309.51,322.68,308.29,320.93,49897096
887,03/02/2020,308.66,313.49,302.22,304.3,43496401
888,04/02/2020,318.85,319.64,313.63,315.31,34154134
889,05/02/2020,321.45,324.76,318.95,323.52,29706718
890,06/02/2020,325.21,325.22,320.26,322.57,26356385
891,07/02/2020,320.03,323.4,318,322.37,29421012
892,10/02/2020,321.55,321.55,313.85,314.18,27337215
893,11/02/2020,319.61,323.9,318.71,323.6,23580780
894,12/02/2020,327.2,327.22,321.47,321.47,28432573
895,13/02/2020,324.87,326.22,323.35,324.19,23686892
896,14/02/2020,324.95,325.98,322.85,324.74,20028447
897,18/02/2020,319,319.75,314.61,315.36,38190545
898,19/02/2020,323.62,324.57,320,320,23495991
899,20/02/2020,320.3,324.65,318.21,322.63,25141489
900,21/02/2020,313.05,320.45,310.5,318.62,32426415
901,24/02/2020,298.18,304.18,289.23,297.26,55548828
902,25/02/2020,288.08,302.53,286.13,300.95,57668364
903,26/02/2020,292.65,297.88,286.5,286.53,49678431
904,27/02/2020,273.52,286,272.96,281.1,80151381
905,28/02/2020,273.36,278.41,256.37,257.26,106721230
906,02/03/2020,298.81,301.44,277.72,282.28,85349339
907,03/03/2020,289.32,304,285.8,303.67,79868852
908,04/03/2020,302.74,303.4,293.13,296.44,54794568
909,05/03/2020,292.92,299.55,291.41,295.52,46893219
910,06/03/2020,289.03,290.82,281.23,282,56544246
911,09/03/2020,266.17,278.09,263,263.75,71686208
912,10/03/2020,285.34,286.44,269.37,277.14,71322520
913,11/03/2020,275.43,281.22,271.86,277.39,64094970
914,12/03/2020,248.23,270,248,255.94,104618517
915,13/03/2020,277.97,279.92,252.95,264.89,92683032
916,16/03/2020,242.21,259.08,240,241.95,80605865
917,17/03/2020,252.86,257.61,238.4,247.51,81013965
918,18/03/2020,246.67,250,237.12,239.77,75058406
919,19/03/2020,244.78,252.84,242.61,247.39,67964255
920,20/03/2020,229.24,251.83,228,247.18,100423346
921,23/03/2020,224.37,228.5,212.61,228.08,84188208
922,24/03/2020,246.88,247.69,234.3,236.36,71882773
923,25/03/2020,245.52,258.25,244.3,250.75,75900510
924,26/03/2020,258.44,258.68,246.36,246.52,63140169
925,27/03/2020,247.74,255.87,247.05,252.75,51054153
926,30/03/2020,254.81,255.52,249.4,250.74,41994110
927,31/03/2020,254.29,262.49,252,255.6,49250501
928,01/04/2020,240.91,248.72,239.13,246.5,44054638
929,02/04/2020,244.93,245.15,236.9,240.34,41483493
930,03/04/2020,241.41,245.7,238.97,242.8,32470017
931,06/04/2020,262.47,263.11,249.38,250.9,50455071
932,07/04/2020,259.43,271.7,259,270.8,50721831
933,08/04/2020,266.07,267.37,261.23,262.74,42223821
934,09/04/2020,267.99,270.07,264.7,268.7,40529123
935,13/04/2020,273.25,273.7,265.83,268.31,32755731
936,14/04/2020,287.05,288.25,278.05,280,48748672
937,15/04/2020,284.43,286.33,280.63,282.4,32788641
938,16/04/2020,286.69,288.2,282.35,287.38,39281290
939,17/04/2020,282.8,286.95,276.86,284.69,53812478
940,20/04/2020,276.93,281.68,276.85,277.95,32503750
941,21/04/2020,268.37,277.25,265.43,276.28,45247893
942,22/04/2020,276.1,277.9,272.2,273.61,29264342
943,23/04/2020,275.03,281.75,274.87,275.87,31203582
944,24/04/2020,282.97,283.01,277,277.2,31627183
945,27/04/2020,283.17,284.54,279.95,281.8,29271893
946,28/04/2020,278.58,285.83,278.2,285.08,28001187
947,29/04/2020,287.73,289.67,283.89,284.73,34320204
948,30/04/2020,293.8,294.53,288.35,289.96,45765968
949,01/05/2020,289.07,299,285.85,286.25,60154175
950,04/05/2020,293.16,293.69,286.32,289.17,33391986
951,05/05/2020,297.56,301,294.46,295.06,36937795
952,06/05/2020,300.63,303.24,298.87,300.46,35583438
953,07/05/2020,303.74,305.17,301.97,303.22,28803764
954,08/05/2020,310.13,310.35,304.29,305.64,33511985
955,11/05/2020,315.01,317.05,307.24,308.1,36486561
956,12/05/2020,311.41,319.69,310.91,317.83,40575263
957,13/05/2020,307.65,315.95,303.21,312.15,50155639
958,14/05/2020,309.54,309.79,301.53,304.51,39732269
959,15/05/2020,307.71,307.9,300.21,300.35,41587094
960,18/05/2020,314.96,316.5,310.32,313.17,33843125
961,19/05/2020,313.14,318.52,313.01,315.03,25432385
962,20/05/2020,319.23,319.52,316.52,316.68,27876215
963,21/05/2020,316.85,320.89,315.87,318.66,25672211
964,22/05/2020,318.89,319.23,315.35,315.77,20450754
965,26/05/2020,316.73,324.24,316.5,323.5,31380454
966,27/05/2020,318.11,318.71,313.09,316.14,28236274
967,28/05/2020,318.25,323.44,315.63,316.77,33449103
968,29/05/2020,317.94,321.15,316.47,319.25,38399532
969,01/06/2020,321.85,322.35,317.21,317.75,20254653
970,02/06/2020,323.34,323.44,318.93,320.75,21910704
971,03/06/2020,325.12,326.2,322.3,324.66,26122804
972,04/06/2020,322.32,325.62,320.78,324.39,21890091
973,05/06/2020,331.5,331.75,323.23,323.35,34312550
974,08/06/2020,333.46,333.6,327.32,330.25,23913634
975,09/06/2020,343.99,345.61,332.01,332.14,36928091
976,10/06/2020,352.84,354.77,346.09,347.9,41662938
977,11/06/2020,335.9,351.06,335.48,349.31,50415613
978,12/06/2020,338.8,347.8,334.22,344.72,50036513
979,15/06/2020,342.99,345.68,332.58,333.25,34702230
980,16/06/2020,352.08,353.2,344.72,351.46,41357182
981,17/06/2020,351.59,355.4,351.09,355.15,28601626
982,18/06/2020,351.73,353.45,349.22,351.41,24205096
983,19/06/2020,349.72,356.56,345.15,354.64,66118952
984,22/06/2020,358.87,359.46,351.15,351.34,33861316
985,23/06/2020,366.53,372.38,362.27,364,53038869
986,24/06/2020,360.06,368.79,358.52,365,48155849
987,25/06/2020,364.84,365,357.57,360.7,34380628
988,26/06/2020,353.63,365.32,353.02,364.41,51314211
989,29/06/2020,361.78,362.1736,351.28,353.25,32661519
990,30/06/2020,364.8,365.98,360,360.08,35055821
991,01/07/2020,364.11,367.36,363.91,365.12,27690454
992,02/07/2020,364.11,370.47,363.64,367.85,28814516
993,06/07/2020,373.85,375.78,369.87,370,29745936
994,07/07/2020,372.69,378.62,372.23,375.41,28206999
995,08/07/2020,381.37,381.5,376.36,376.72,29274479
996,09/07/2020,383.01,385.27,378.69,385.05,31420357
997,10/07/2020,383.68,383.92,378.82,381.34,22564330
998,13/07/2020,381.91,399.82,381.03,389.06,47913079
999,14/07/2020,388.23,389.02,375.51,379.36,42748119
1000,15/07/2020,390.9,396.99,385.96,395.96,38306874
1001,16/07/2020,386.09,389.62,383.62,386.25,27645927
1002,17/07/2020,385.31,388.59,383.36,387.95,23046755
1003,20/07/2020,393.43,394,384.25,385.67,22397208
1004,21/07/2020,388,397,386.97,396.69,25627347
1005,22/07/2020,389.09,391.9,386.41,386.77,22250413
1006,23/07/2020,371.38,388.31,368.039,387.9935,49251108
1007,24/07/2020,370.46,371.88,356.58,363.95,46359716
1008,27/07/2020,379.24,379.62,373.92,374.84,30303548
1009,28/07/2020,373.01,378.1986,372.99,377.47,25906375
1010,29/07/2020,380.16,380.92,374.85,375,22582314
1011,30/07/2020,384.76,385.19,375.07,376.75,39532505
1012,31/07/2020,425.04,425.66,403.3,411.535,93573867
1013,03/08/2020,435.75,446.5457,431.57,432.8,77037847
1014,04/08/2020,438.66,443.16,433.55,436.53,43198092
1015,05/08/2020,440.25,441.57,435.59,437.51,30497988
1016,06/08/2020,455.61,457.65,439.19,441.62,50607225
1017,07/08/2020,444.45,454.7,441.17,452.82,49511403
1018,10/08/2020,450.91,455.1,440,450.4,53100856
1019,11/08/2020,437.5,449.93,436.4267,447.875,46975594
1020,12/08/2020,452.04,453.1,441.19,441.99,41486205
1021,13/08/2020,460.04,464.17,455.71,457.72,52520516
1022,14/08/2020,459.63,460,452.18,459.315,41391302
1023,17/08/2020,458.43,464.35,455.8501,464.25,29431414
1024,18/08/2020,462.25,464,456.03,457.41,26408385
1025,19/08/2020,462.83,468.65,462.44,463.933,36384502
1026,20/08/2020,473.1,473.568,462.9335,463,31726797
1027,21/08/2020,497.48,499.472,477,477.05,84513660
1028,24/08/2020,503.43,515.14,495.745,514.79,86484442
1029,25/08/2020,499.3,500.7172,492.21,498.79,52873947
1030,26/08/2020,506.09,507.97,500.33,504.7165,40755567
1031,27/08/2020,500.04,509.94,495.33,508.57,38888096
1032,28/08/2020,499.23,505.77,498.31,504.05,46907479
1033,31/08/2020,129.04,131,126,127.58,223505733
1034,01/09/2020,134.18,134.8,130.53,132.76,152470142
1035,02/09/2020,131.4,137.98,127,137.59,200118991
1036,03/09/2020,120.88,128.84,120.5,126.91,257599640
1037,04/09/2020,120.96,123.7,110.89,120.07,332607163
1038,08/09/2020,112.82,118.99,112.68,113.95,231366563
1039,09/09/2020,117.32,119.14,115.26,117.26,176940455
1040,10/09/2020,113.49,120.5,112.5,120.36,182274391
1041,11/09/2020,112,115.23,110,114.57,180860325
1042,14/09/2020,115.355,115.93,112.8,114.72,140150087
1043,15/09/2020,115.54,118.829,113.61,118.33,184642039
1044,16/09/2020,112.13,116,112.04,115.23,155026675
1045,17/09/2020,110.34,112.2,108.71,109.72,178010968
1046,18/09/2020,106.84,110.88,106.09,110.4,287104882
1047,21/09/2020,110.08,110.19,103.1,104.54,195713815
1048,22/09/2020,111.81,112.86,109.16,112.68,183055373
1049,23/09/2020,107.12,112.11,106.77,111.62,150718671
1050,24/09/2020,108.22,110.25,105,105.17,167743349
1051,25/09/2020,112.28,112.44,107.67,108.43,149981441
1052,28/09/2020,114.96,115.32,112.78,115.01,137672403
1053,29/09/2020,114.09,115.31,113.57,114.55,100060526
1054,30/09/2020,115.81,117.26,113.62,113.79,142675184
1055,01/10/2020,116.79,117.72,115.83,117.64,116120440
1056,02/10/2020,113.02,115.37,112.22,112.89,144711986
1057,05/10/2020,116.5,116.65,113.55,113.91,106243839
1058,06/10/2020,113.16,116.12,112.25,115.7,161498212
1059,07/10/2020,115.08,115.55,114.13,114.62,96848985
1060,08/10/2020,114.97,116.4,114.5901,116.25,83477153
1061,09/10/2020,116.97,117,114.92,115.28,100506865
1062,12/10/2020,124.4,125.18,119.2845,120.06,240226769
1063,13/10/2020,121.1,125.39,119.65,125.27,262330451
1064,14/10/2020,121.19,123.03,119.62,121,151062308
1065,15/10/2020,120.71,121.2,118.15,118.72,112559219
1066,16/10/2020,119.02,121.548,118.81,121.28,115393808
1067,19/10/2020,115.98,120.419,115.66,119.96,120639337
1068,20/10/2020,117.51,118.98,115.63,116.2,124423728
1069,21/10/2020,116.87,118.705,116.45,116.67,89945980
1070,22/10/2020,115.75,118.04,114.59,117.45,101987954
1071,23/10/2020,115.04,116.55,114.28,116.39,82572645
1072,26/10/2020,115.05,116.55,112.88,114.01,111850657
1073,27/10/2020,116.6,117.28,114.5399,115.49,92276772
1074,28/10/2020,111.2,115.43,111.1,115.05,143937823
1075,29/10/2020,115.32,116.93,112.2,112.37,146129173
1076,30/10/2020,108.86,111.99,107.72,111.06,190573476
1077,02/11/2020,108.77,110.68,107.32,109.11,122866899
1078,03/11/2020,110.44,111.49,108.73,109.66,107624448
1079,04/11/2020,114.95,115.59,112.35,114.14,138235482
1080,05/11/2020,119.03,119.62,116.8686,117.95,126387074
1081,06/11/2020,118.69,119.2,116.13,118.32,114457922
1082,09/11/2020,116.32,121.99,116.05,120.5,154515315
1083,10/11/2020,115.97,117.59,114.13,115.55,138023390
1084,11/11/2020,119.49,119.63,116.44,117.19,112294954
1085,12/11/2020,119.21,120.53,118.57,119.62,103350674
1086,13/11/2020,119.26,119.6717,117.87,119.44,81688586
1087,16/11/2020,120.3,120.99,118.146,118.92,91183018
1088,17/11/2020,119.39,120.6741,118.96,119.55,74270973
1089,18/11/2020,118.03,119.82,118,118.61,76322111
1090,19/11/2020,118.64,119.06,116.81,117.59,74112972
1091,20/11/2020,117.34,118.77,117.29,118.64,73604287
1092,23/11/2020,113.85,117.6202,113.75,117.18,127959318
1093,24/11/2020,115.17,115.85,112.59,113.91,113226248
1094,25/11/2020,116.03,116.75,115.17,115.55,76499234
1095,27/11/2020,116.59,117.49,116.22,116.57,46691331
1096,30/11/2020,119.05,120.97,116.81,116.97,169410176
1097,01/12/2020,122.72,123.4693,120.01,121.01,125920963
1098,02/12/2020,123.08,123.37,120.89,122.02,89004195
1099,03/12/2020,122.94,123.78,122.21,123.52,78967630
1100,04/12/2020,122.25,122.8608,121.52,122.6,78260421
1101,07/12/2020,123.75,124.57,122.25,122.31,86711990
1102,08/12/2020,124.38,124.98,123.09,124.37,82225512
1103,09/12/2020,121.78,125.95,121,124.53,115089193
1104,10/12/2020,123.24,123.87,120.15,120.5,81312170
1105,11/12/2020,122.41,122.76,120.55,122.43,86939786
1106,14/12/2020,121.78,123.35,121.54,122.6,79075988
1107,15/12/2020,127.88,127.9,124.13,124.34,157572262
1108,16/12/2020,127.81,128.37,126.56,127.41,98208591
1109,17/12/2020,128.7,129.58,128.045,128.9,94359811
1110,18/12/2020,126.655,129.1,126.12,128.96,192541496
1111,21/12/2020,128.23,128.31,123.449,125.02,121251553
1112,22/12/2020,131.88,134.405,129.65,131.61,169351825
1113,23/12/2020,130.96,132.43,130.78,132.16,88223692
1114,24/12/2020,131.97,133.46,131.1,131.32,54930064
1115,28/12/2020,136.69,137.34,133.51,133.99,123124632
1116,29/12/2020,134.87,138.789,134.3409,138.05,121047324
1117,30/12/2020,133.72,135.99,133.4,135.58,96452124
1118,31/12/2020,132.69,134.74,131.72,134.08,99116586
1119,04/01/2021,129.41,133.6116,126.76,133.52,143301887
1120,05/01/2021,131.01,131.74,128.43,128.89,97664898
1121,06/01/2021,126.6,131.0499,126.382,127.72,155087970
1122,07/01/2021,130.92,131.63,127.86,128.36,109578157
1123,08/01/2021,132.05,132.63,130.23,132.43,105158245
1124,11/01/2021,128.98,130.17,128.5,129.19,100620880
1125,12/01/2021,128.8,129.69,126.86,128.5,90440255
1126,13/01/2021,130.89,131.45,128.49,128.76,88636831
1127,14/01/2021,128.91,131,128.76,130.8,90221755
1128,15/01/2021,127.14,130.2242,127,128.78,111598531
1129,19/01/2021,127.83,128.71,126.938,127.78,90757329
1130,20/01/2021,132.03,132.49,128.55,128.66,104319489
1131,21/01/2021,136.87,139.67,133.59,133.8,120529544
1132,22/01/2021,139.07,139.85,135.02,136.28,114459360
1133,25/01/2021,142.92,145.09,136.54,143.07,157611713
1134,26/01/2021,143.16,144.3,141.37,143.6,98390555
1135,27/01/2021,142.06,144.3,140.41,143.43,140843759
1136,28/01/2021,137.09,141.99,136.7,139.52,142621128
1137,29/01/2021,131.96,136.74,130.21,135.83,177523812
1138,01/02/2021,134.14,135.38,130.93,133.75,106239823
1139,02/02/2021,134.99,136.31,134.61,135.73,82266419
1140,03/02/2021,133.94,135.77,133.61,135.76,89880937
1141,04/02/2021,137.39,137.4,134.59,136.3,84183061
1142,05/02/2021,136.76,137.42,135.86,137.35,75693830
1143,08/02/2021,136.91,136.96,134.92,136.03,71297214
1144,09/02/2021,136.01,137.877,135.85,136.62,75986989
1145,10/02/2021,135.39,136.99,134.4,136.48,72647988
1146,11/02/2021,135.13,136.39,133.77,135.9,64280029
1147,12/02/2021,135.37,135.53,133.6921,134.35,60145130
1148,16/02/2021,133.19,136.01,132.79,135.49,80576316
1149,17/02/2021,130.84,132.22,129.47,131.25,97372199
1150,18/02/2021,129.71,129.995,127.41,129.2,96856748
1151,19/02/2021,129.87,130.71,128.8,130.24,87668834
1152,22/02/2021,126,129.72,125.6,128.01,102886922
1153,23/02/2021,125.86,126.71,118.39,123.76,158273022
1154,24/02/2021,125.35,125.56,122.23,124.94,111039904
1155,25/02/2021,120.99,126.4585,120.54,124.68,144766924
1156,26/02/2021,121.26,124.85,121.2,122.59,163424672
1157,01/03/2021,127.79,127.93,122.79,123.75,116307892
1158,02/03/2021,125.12,128.72,125.01,128.41,102260945
1159,03/03/2021,122.06,125.71,121.84,124.81,112966340
1160,04/03/2021,120.13,123.6,118.62,121.75,178154975
1161,05/03/2021,121.42,121.935,117.57,120.98,153766601
1162,08/03/2021,116.36,121,116.21,120.93,154376610
1163,09/03/2021,121.085,122.06,118.79,119.03,129525780
1164,10/03/2021,119.98,122.17,119.45,121.69,111943326
1165,11/03/2021,121.96,123.21,121.26,122.54,103026514
1166,12/03/2021,121.03,121.17,119.16,120.4,88105050
1167,15/03/2021,123.99,124,120.42,121.41,92590555
1168,16/03/2021,125.57,127.22,124.715,125.7,115227936
1169,17/03/2021,124.76,125.8599,122.336,124.05,111932636
1170,18/03/2021,120.53,123.18,120.32,122.88,121469755
1171,19/03/2021,119.99,121.43,119.675,119.9,185549522
1172,22/03/2021,123.39,123.87,120.26,120.33,111912284
1173,23/03/2021,122.54,124.24,122.14,123.33,95467142
1174,24/03/2021,120.09,122.9,120.065,122.82,88530485
1175,25/03/2021,120.59,121.66,119,119.54,98844681
1176,26/03/2021,121.21,121.48,118.92,120.35,94071234
1177,29/03/2021,121.39,122.58,120.7299,121.65,80819203
1178,30/03/2021,119.9,120.4031,118.86,120.11,85671919
1179,31/03/2021,122.15,123.52,121.15,121.65,118323826
1180,01/04/2021,123,124.18,122.49,123.66,75089134
1181,05/04/2021,125.9,126.1601,123.07,123.87,88651175
1182,06/04/2021,126.21,127.13,125.65,126.5,80171253
1183,07/04/2021,127.9,127.92,125.14,125.83,83466716
1184,08/04/2021,130.36,130.39,128.52,128.95,88844591
1185,09/04/2021,132.995,133.04,129.47,129.8,106686703
1186,12/04/2021,131.24,132.85,130.63,132.52,91419983
1187,13/04/2021,134.43,134.66,131.93,132.44,91266545
1188,14/04/2021,132.03,135,131.655,134.94,87222782
1189,15/04/2021,134.5,135,133.64,133.82,89347102
1190,16/04/2021,134.16,134.67,133.28,134.3,84922386
1191,19/04/2021,134.84,135.47,133.34,133.51,94264215
1192,20/04/2021,133.11,135.53,131.81,135.02,94812349
1193,21/04/2021,133.5,133.75,131.3001,132.36,68847136
1194,22/04/2021,131.94,134.15,131.41,133.04,84566456
1195,23/04/2021,134.32,135.12,132.16,132.16,78756779
1196,26/04/2021,134.72,135.06,133.56,134.83,66905069
1197,27/04/2021,134.39,135.41,134.11,135.01,66015804
1198,28/04/2021,133.58,135.02,133.08,134.31,107760097
1199,29/04/2021,133.48,137.07,132.45,136.47,151100953
1200,30/04/2021,131.46,133.56,131.065,131.78,109839466
1201,03/05/2021,132.54,134.07,131.83,132.04,75135100
1202,04/05/2021,127.85,131.4899,126.7,131.19,137564718
1203,05/05/2021,128.1,130.45,127.97,129.2,84000900
1204,06/05/2021,129.74,129.75,127.13,127.89,78128334
1205,07/05/2021,130.21,131.2582,129.475,130.85,78973273
1206,10/05/2021,126.85,129.54,126.81,129.41,88071229
1207,11/05/2021,125.91,126.27,122.77,123.5,126142826
1208,12/05/2021,122.77,124.64,122.25,123.4,112172282
1209,13/05/2021,124.97,126.15,124.26,124.58,105861339
1210,14/05/2021,127.45,127.89,125.85,126.25,81917951
1211,17/05/2021,126.27,126.93,125.17,126.82,74244624
1212,18/05/2021,124.85,126.99,124.78,126.56,63342929
1213,19/05/2021,124.69,124.915,122.86,123.16,92611989
1214,20/05/2021,127.31,127.72,125.1,125.23,76857123
1215,21/05/2021,125.43,128,125.21,127.82,79295436
1216,24/05/2021,127.1,127.94,125.94,126.01,63092945
1217,25/05/2021,126.9,128.32,126.32,127.82,72009482
1218,26/05/2021,126.85,127.39,126.42,126.955,56575920
1219,27/05/2021,125.28,127.64,125.08,126.44,94625601
1220,28/05/2021,124.61,125.8,124.55,125.57,71311109
,,,,,,
,,,,,,
,,,,,,
,,,,,,
,,,,,,
,,,,,,
,,,,,,
,,,,,,
,,,,,,
,,,,,,
,,,,,,
,,,,,,
,,,,,,
,,,,,,
,,,,,,
,,,,,,
,,,,,,
,,,,,,
,,,,,,
,,,,,,
,,,,,,
,,,,,,
,,,,,,
,,,,,,
,,,,,,
,,,,,,
,,,,,,
,,,,,,
,,,,,,
,,,,,,
,,,,,,
,,,,,,
,,,,,,
,,,,,,
,,,,,,
,,,,,,
